"BO";"Attribute";"ARM Element";"Source";"Rules";"Reference path";"Remarks";"Issues against ARM"
"DataValidityEffectivity";;"Effectivity";442;;"{Effectivity =>
Dated_effectivity}";;
"Effectivity";;"Effectivity";442;;"{Effectivity =>
Dated_effectivity}";;
;"Effectivity to Classification (as classifiedAs)";"PATH";;;"Effectivity
/classifiedAs_AS_Classification(Effectivity)/";;
;"Effectivity to Organization (as concernedOrganizations)";"PATH";;;"/assigned_Organization(Effectivity, 'concerned organization')/";;"nice to have:
Organization_assignment is missing in the modules"
;"Effectivity to CharacterString (as description)";"Effectivity.description";442;;;;
;"Effectivity to Descriptor (as description)";"PATH";;;"Effectivity
/description_AS_Descriptor(Effectivity)/";;
;"Effectivity to DescriptorSet (as description)";"PATH";;;"Effectivity
/description_AS_DescriptorSet(Effectivity)/";;
;"Effectivity to LocalizedString (as description)";"PATH";;;"Effectivity
/description_AS_LocalizedString(Effectivity)/";;
;"Effectivity to TranslatedStringSet (as description)";"PATH";;;"Effectivity
/description_AS_TranslatedStringSet(Effectivity)/";;
;"Effectivity to Activity (as effectivityContext)";"PATH";;;"Effectivity <-
Effectivity_assignment.assigned_effectivity
Effectivity_assignment
{Effectivity_assignment.role = 'effectivity context'}
Effectivity_assignment.items[1] ->
effectivity_item
effectivity_item = /MAPPING_OF(Activity)/
/MAPPING_OF(Activity)/";;
;"Effectivity to Contract (as effectivityContext)";"PATH";;;"Effectivity <-
Effectivity_assignment.assigned_effectivity
Effectivity_assignment
{Effectivity_assignment.role = 'effectivity context'}
Effectivity_assignment.items[1] ->
effectivity_item
effectivity_item = /MAPPING_OF(Contract)/
/MAPPING_OF(Contract)/";;
;"Effectivity to Organization (as effectivityContext)";"PATH";;;"Effectivity <-
Effectivity_assignment.assigned_effectivity
Effectivity_assignment
{Effectivity_assignment.role = 'effectivity context'}
Effectivity_assignment.items[1] ->
effectivity_item
effectivity_item = /MAPPING_OF(Organization)/
/MAPPING_OF(Organization)/";;
;"Effectivity to PersonInOrganization (as effectivityContext)";"PATH";;;"Effectivity <-
Effectivity_assignment.assigned_effectivity
Effectivity_assignment
{Effectivity_assignment.role = 'effectivity context'}
Effectivity_assignment.items[1] ->
effectivity_item
effectivity_item = /MAPPING_OF(PersonInOrganization)/
/MAPPING_OF(PersonInOrganization)/";;
;"Effectivity to ProductClass (as effectivityContext)";"PATH";;;"Effectivity <-
Effectivity_assignment.assigned_effectivity
Effectivity_assignment
{Effectivity_assignment.role = 'effectivity context'}
Effectivity_assignment.items[1] ->
effectivity_item
effectivity_item = /MAPPING_OF(ProductClass)/
/MAPPING_OF(ProductClass)/";;
;"Effectivity to ProductConfiguration (as effectivityContext)";"PATH";;;"Effectivity <-
Effectivity_assignment.assigned_effectivity
Effectivity_assignment
{Effectivity_assignment.role = 'effectivity context'}
Effectivity_assignment.items[1] ->
effectivity_item
effectivity_item = /MAPPING_OF(ProductConfiguration)/
/MAPPING_OF(ProductConfiguration)/";;
;"Effectivity to Project (as effectivityContext)";"PATH";;;"Effectivity <-
Effectivity_assignment.assigned_effectivity
Effectivity_assignment
{Effectivity_assignment.role = 'effectivity context'}
Effectivity_assignment.items[1] ->
effectivity_item
effectivity_item = /MAPPING_OF(Project)/
/MAPPING_OF(Project)/";;
;"Effectivity to DateTimeString (as endDefinition)";"Dated_effectivity.end_bound";442;;"Effectivity =>
Dated_effectivity
Dated_effectivity.end_bound ->
date_or_event
date_or_event = Date_time
Date_time";;
;"Effectivity to Event (as endDefinition)";"Dated_effectivity.end_bound";442;;"Effectivity =>
Dated_effectivity
Dated_effectivity.end_bound ->
date_or_event
date_or_event = Event
Event";;
;"Effectivity to Identifier (as id)";"PATH";;;"Effectivity
/id_AS_Identifier(Effectivity)/";;
;"Effectivity to IdentifierSet (as id)";"PATH";;;"Effectivity
/id_AS_IdentifierSet(Effectivity)/";;
;"Effectivity to IdentifierString (as id)";"Effectivity.id";442;"exactly_one_ExchangeContext";;;
;"Effectivity to ExternalItem (as sameAs)";"PATH";;;"Effectivity
/sameAs_AS_ExternalItem(Effectivity)/";;
;"Effectivity to ExternalOwlObject (as sameAs)";"PATH";;;"Effectivity
/sameAs_AS_ExternalOWLObject(Effectivity)/";;
;"Effectivity to Proxy (as sameAs)";"PATH";;;"Effectivity
/sameAs_AS_Proxy(Effectivity)/";;
;"Effectivity to ProxyString (as sameAs)";"PATH";;;"Effectivity
/sameAs_AS_ProxyString(Effectivity)/";;
;"Effectivity to DateTimeString (as startDefinition)";"Dated_effectivity.start_bound";442;;"Effectivity =>
Dated_effectivity
Dated_effectivity.start_bound ->
date_or_event
date_or_event = Date_time
Date_time";;
;"Effectivity to Event (as startDefinition)";"Dated_effectivity.start_bound";442;;"Effectivity =>
Dated_effectivity
Dated_effectivity.start_bound ->
date_or_event
date_or_event = Event
Event";;
;"Effectivity to Identifier (as versionId)";"PATH";;;"Effectivity
/versionId_AS_Identifier(Effectivity)/";;
;"Effectivity to IdentifierSet (as versionId)";"PATH";;;"Effectivity
/versionId_AS_IdentifierSet(Effectivity)/";;
;"Effectivity to IdentifierString (as versionId)";"NO MAPPING";;;;"Effectivity.version_id";".version_id attribute is missing"
"EffectivityAssignment
#1: If EffectivityAssignment.effectivityIndication is TRUE.
#2: If EffectivityAssignment.effectivityIndication is FALSE.";;"#1: Effectivity_assignment
#2: Ineffectivity_assignment";"442
442";;;"are the OR cases correct for mapping specifications? (they were at least correct for mapping tables)";
;"EffectivityAssignment to Effectivity (as assignedEffectivity)";;;;"#1: Effectivity_assignment
Effectivity_assignment.assigned_effectivity ->
Effectivity)
#2: Ineffectivity_assignment
Ineffectivity_assignment.assigned_effectivity ->
Effectivity";;
;"EffectivityAssignment to Activity (as assignedTo)";"PATH";;;"/Effectivity_assignment(^TO_ASSERTION)/";;
;"EffectivityAssignment to ActivityAssignment (as assignedTo)";"PATH";;;"/Effectivity_assignment(^TO_ASSERTION)/";;
;"EffectivityAssignment to ActivityMethod (as assignedTo)";"PATH";;;"/Effectivity_assignment(^TO_ASSERTION)/";;
;"EffectivityAssignment to ActivityMethodAssignment (as assignedTo)";"PATH";;;"/Effectivity_assignment(^TO_ASSERTION)/";;
;"EffectivityAssignment to ActivityMethodRelationship (as assignedTo)";"PATH";;;"/Effectivity_assignment(^TO_ASSERTION)/";;
;"EffectivityAssignment to ActivityRelationship (as assignedTo)";"PATH";;;"/Effectivity_assignment(^TO_ASSERTION)/";;
;"EffectivityAssignment to AddressAssignment (as assignedTo)";"PATH";;;"/Effectivity_assignment(^TO_ASSERTION)/";;
;"EffectivityAssignment to AlternativeSolutionRelationship (as assignedTo)";"PATH";;;"/Effectivity_assignment(^TO_ASSERTION)/";;
;"EffectivityAssignment to ApprovalAssignment (as assignedTo)";"PATH";;;"/Effectivity_assignment(^TO_ASSERTION)/";;
;"EffectivityAssignment to ApprovalRelationship (as assignedTo)";"PATH";;;"/Effectivity_assignment(^TO_ASSERTION)/";;
;"EffectivityAssignment to AssemblyOccurrenceRelationshipSubstitution (as assignedTo)";"PATH";;;"/Effectivity_assignment(^TO_ASSERTION)/";;
;"EffectivityAssignment to AssemblyViewRelationshipSubstitution (as assignedTo)";"PATH";;;"/Effectivity_assignment(^TO_ASSERTION)/";;
;"EffectivityAssignment to AssignmentObjectRelationship (as assignedTo)";"PATH";;;"/Effectivity_assignment(^TO_ASSERTION)/";;
;"EffectivityAssignment to Breakdown (as assignedTo)";"PATH";;;"/Effectivity_assignment(^TO_ASSERTION)/";;
;"EffectivityAssignment to BreakdownElement (as assignedTo)";"PATH";;;"/Effectivity_assignment(^TO_ASSERTION)/";;
;"EffectivityAssignment to BreakdownElementRelationship (as assignedTo)";"PATH";;;"/Effectivity_assignment(^TO_ASSERTION)/";;
;"EffectivityAssignment to BreakdownElementVersion (as assignedTo)";"PATH";;;"/Effectivity_assignment(^TO_ASSERTION)/";;
;"EffectivityAssignment to BreakdownElementVersionRelationship (as assignedTo)";"PATH";;;"/Effectivity_assignment(^TO_ASSERTION)/";;
;"EffectivityAssignment to BreakdownElementView (as assignedTo)";"PATH";;;"/Effectivity_assignment(^TO_ASSERTION)/";;
;"EffectivityAssignment to BreakdownElementViewRelationship (as assignedTo)";"PATH";;;"/Effectivity_assignment(^TO_ASSERTION)/";;
;"EffectivityAssignment to BreakdownRelationship (as assignedTo)";"PATH";;;"/Effectivity_assignment(^TO_ASSERTION)/";;
;"EffectivityAssignment to BreakdownVersion (as assignedTo)";"PATH";;;"/Effectivity_assignment(^TO_ASSERTION)/";;
;"EffectivityAssignment to BreakdownVersionAssignment (as assignedTo)";"PATH";;;"/Effectivity_assignment(^TO_ASSERTION)/";;
;"EffectivityAssignment to BreakdownVersionRelationship (as assignedTo)";"PATH";;;"/Effectivity_assignment(^TO_ASSERTION)/";;
;"EffectivityAssignment to CertificationAssignment (as assignedTo)";"PATH";;;"/Effectivity_assignment(^TO_ASSERTION)/";;
;"EffectivityAssignment to Class (as assignedTo)";"PATH";;;"/Effectivity_assignment(^TO_ASSERTION)/";;
;"EffectivityAssignment to ClassString (as assignedTo)";"PATH";;;"/Effectivity_assignment(^TO_ASSERTION)/";;
;"EffectivityAssignment to ClassificationRelationship (as assignedTo)";"PATH";;;"/Effectivity_assignment(^TO_ASSERTION)/";;
;"EffectivityAssignment to Condition (as assignedTo)";"PATH";;;"/Effectivity_assignment(^TO_ASSERTION)/";;
;"EffectivityAssignment to ConditionAssignment (as assignedTo)";"PATH";;;"/Effectivity_assignment(^TO_ASSERTION)/";;
;"EffectivityAssignment to ConditionRelationship (as assignedTo)";"PATH";;;"/Effectivity_assignment(^TO_ASSERTION)/";;
;"EffectivityAssignment to ConditionalConfiguration (as assignedTo)";"PATH";;;"/Effectivity_assignment(^TO_ASSERTION)/";;
;"EffectivityAssignment to ContractAssignment (as assignedTo)";"PATH";;;"/Effectivity_assignment(^TO_ASSERTION)/";;
;"EffectivityAssignment to DateAndPersonAssignment (as assignedTo)";"PATH";;;"/Effectivity_assignment(^TO_ASSERTION)/";;
;"EffectivityAssignment to DateTimeAssignment (as assignedTo)";"PATH";;;"/Effectivity_assignment(^TO_ASSERTION)/";;
;"EffectivityAssignment to Descriptor (as assignedTo)";"PATH";;;"/Effectivity_assignment(^TO_ASSERTION)/";;
;"EffectivityAssignment to DescriptorRelationship (as assignedTo)";"PATH";;;"/Effectivity_assignment(^TO_ASSERTION)/";;
;"EffectivityAssignment to Document (as assignedTo)";"PATH";;;"/Effectivity_assignment(^TO_ASSERTION)/";;
;"EffectivityAssignment to DocumentAssignment (as assignedTo)";"PATH";;;"/Effectivity_assignment(^TO_ASSERTION)/";;
;"EffectivityAssignment to DocumentDefinition (as assignedTo)";"PATH";;;"/Effectivity_assignment(^TO_ASSERTION)/";;
;"EffectivityAssignment to DocumentDefinitionRelationship (as assignedTo)";"PATH";;;"/Effectivity_assignment(^TO_ASSERTION)/";;
;"EffectivityAssignment to DocumentRelationship (as assignedTo)";"PATH";;;"/Effectivity_assignment(^TO_ASSERTION)/";;
;"EffectivityAssignment to DocumentVersion (as assignedTo)";"PATH";;;"/Effectivity_assignment(^TO_ASSERTION)/";;
;"EffectivityAssignment to DocumentVersionRelationship (as assignedTo)";"PATH";;;"/Effectivity_assignment(^TO_ASSERTION)/";;
;"EffectivityAssignment to EffectivityAssignment (as assignedTo)";"PATH";;;"/Effectivity_assignment(^TO_ASSERTION)/";;
;"EffectivityAssignment to EffectivityRelationship (as assignedTo)";"PATH";;;"/Effectivity_assignment(^TO_ASSERTION)/";;
;"EffectivityAssignment to EventAssignment (as assignedTo)";"PATH";;;"/Effectivity_assignment(^TO_ASSERTION)/";;
;"EffectivityAssignment to EventRelationship (as assignedTo)";"PATH";;;"/Effectivity_assignment(^TO_ASSERTION)/";;
;"EffectivityAssignment to ExternalClass (as assignedTo)";"PATH";;;"/Effectivity_assignment(^TO_ASSERTION)/";;
;"EffectivityAssignment to ExternalClassSystem (as assignedTo)";"PATH";;;"/Effectivity_assignment(^TO_ASSERTION)/";;
;"EffectivityAssignment to ExternalItem (as assignedTo)";"PATH";;;"/Effectivity_assignment(^TO_ASSERTION)/";;
;"EffectivityAssignment to ExternalOwlClass (as assignedTo)";"PATH";;;"/Effectivity_assignment(^TO_ASSERTION)/";;
;"EffectivityAssignment to ExternalOwlObject (as assignedTo)";"PATH";;;"/Effectivity_assignment(^TO_ASSERTION)/";;
;"EffectivityAssignment to ExternalPropertyDefinition (as assignedTo)";"PATH";;;"/Effectivity_assignment(^TO_ASSERTION)/";;
;"EffectivityAssignment to File (as assignedTo)";"PATH";;;"/Effectivity_assignment(^TO_ASSERTION)/";;
;"EffectivityAssignment to FileRelationship (as assignedTo)";"PATH";;;"/Effectivity_assignment(^TO_ASSERTION)/";;
;"EffectivityAssignment to FrozenAssignment (as assignedTo)";"PATH";;;"/Effectivity_assignment(^TO_ASSERTION)/";;
;"EffectivityAssignment to GeometricModel (as assignedTo)";"PATH";;;"/Effectivity_assignment(^TO_ASSERTION)/";;
;"EffectivityAssignment to Identifier (as assignedTo)";"PATH";;;"/Effectivity_assignment(^TO_ASSERTION)/";;
;"EffectivityAssignment to IdentifierRelationship (as assignedTo)";"PATH";;;"/Effectivity_assignment(^TO_ASSERTION)/";;
;"EffectivityAssignment to IdentifierSet (as assignedTo)";"PATH";;;"/Effectivity_assignment(^TO_ASSERTION)/";;
;"EffectivityAssignment to IdentifierString (as assignedTo)";"PATH";;;"/Effectivity_assignment(^TO_ASSERTION)/";;
;"EffectivityAssignment to InZone (as assignedTo)";"PATH";;;"/Effectivity_assignment(^TO_ASSERTION)/";;
;"EffectivityAssignment to IndividualAssemblyRelationship (as assignedTo)";"PATH";;;"/Effectivity_assignment(^TO_ASSERTION)/";;
;"EffectivityAssignment to IndividualPart (as assignedTo)";"PATH";;;"/Effectivity_assignment(^TO_ASSERTION)/";;
;"EffectivityAssignment to IndividualPartRelationship (as assignedTo)";"PATH";;;"/Effectivity_assignment(^TO_ASSERTION)/";;
;"EffectivityAssignment to IndividualPartVersion (as assignedTo)";"PATH";;;"/Effectivity_assignment(^TO_ASSERTION)/";;
;"EffectivityAssignment to IndividualPartVersionRelationship (as assignedTo)";"PATH";;;"/Effectivity_assignment(^TO_ASSERTION)/";;
;"EffectivityAssignment to IndividualPartView (as assignedTo)";"PATH";;;"/Effectivity_assignment(^TO_ASSERTION)/";;
;"EffectivityAssignment to IndividualPartViewRelationship (as assignedTo)";"PATH";;;"/Effectivity_assignment(^TO_ASSERTION)/";;
;"EffectivityAssignment to InformationUsageRightAssignment (as assignedTo)";"PATH";;;"/Effectivity_assignment(^TO_ASSERTION)/";;
;"EffectivityAssignment to InformationUsageRightRelationship (as assignedTo)";"PATH";;;"/Effectivity_assignment(^TO_ASSERTION)/";;
;"EffectivityAssignment to LinkMotionDecompositionRelationship (as assignedTo)";"PATH";;;"/Effectivity_assignment(^TO_ASSERTION)/";;
;"EffectivityAssignment to LinkMotionRelationship (as assignedTo)";"PATH";;;"/Effectivity_assignment(^TO_ASSERTION)/";;
;"EffectivityAssignment to MatedPartRelationship (as assignedTo)";"PATH";;;"/Effectivity_assignment(^TO_ASSERTION)/";;
;"EffectivityAssignment to MaterialPropertyAssignment (as assignedTo)";"PATH";;;"/Effectivity_assignment(^TO_ASSERTION)/";;
;"EffectivityAssignment to ModelPropertyAssignment (as assignedTo)";"PATH";;;"/Effectivity_assignment(^TO_ASSERTION)/";;
;"EffectivityAssignment to Occurrence (as assignedTo)";"PATH";;;"/Effectivity_assignment(^TO_ASSERTION)/";;
;"EffectivityAssignment to OccurrenceRelationship (as assignedTo)";"PATH";;;"/Effectivity_assignment(^TO_ASSERTION)/";;
;"EffectivityAssignment to OrganizationOrPersonInOrganizationAssignment (as assignedTo)";"PATH";;;"/Effectivity_assignment(^TO_ASSERTION)/";;
;"EffectivityAssignment to OrganizationRelationship (as assignedTo)";"PATH";;;"/Effectivity_assignment(^TO_ASSERTION)/";;
;"EffectivityAssignment to Part (as assignedTo)";"PATH";;;"/Effectivity_assignment(^TO_ASSERTION)/";;
;"EffectivityAssignment to PartRelationship (as assignedTo)";"PATH";;;"/Effectivity_assignment(^TO_ASSERTION)/";;
;"EffectivityAssignment to PartToIndividualPartAssociation (as assignedTo)";"PATH";;;"/Effectivity_assignment(^TO_ASSERTION)/";;
;"EffectivityAssignment to PartVersion (as assignedTo)";"PATH";;;"/Effectivity_assignment(^TO_ASSERTION)/";;
;"EffectivityAssignment to PartVersionRelationship (as assignedTo)";"PATH";;;"/Effectivity_assignment(^TO_ASSERTION)/";;
;"EffectivityAssignment to PartVersionToIndividualPartVersionAssociation (as assignedTo)";"PATH";;;"/Effectivity_assignment(^TO_ASSERTION)/";;
;"EffectivityAssignment to PartView (as assignedTo)";"PATH";;;"/Effectivity_assignment(^TO_ASSERTION)/";;
;"EffectivityAssignment to PartViewRelationship (as assignedTo)";"PATH";;;"/Effectivity_assignment(^TO_ASSERTION)/";;
;"EffectivityAssignment to PartViewToIndividualPartViewAssociation (as assignedTo)";"PATH";;;"/Effectivity_assignment(^TO_ASSERTION)/";;
;"EffectivityAssignment to PersonInOrganization (as assignedTo)";"PATH";;;"/Effectivity_assignment(^TO_ASSERTION)/";;
;"EffectivityAssignment to PersonInOrganizationRelationship (as assignedTo)";"PATH";;;"/Effectivity_assignment(^TO_ASSERTION)/";;
;"EffectivityAssignment to ProcessOperationDefinition (as assignedTo)";"PATH";;;"/Effectivity_assignment(^TO_ASSERTION)/";;
;"EffectivityAssignment to ProcessOperationDefinitionRelationship (as assignedTo)";"PATH";;;"/Effectivity_assignment(^TO_ASSERTION)/";;
;"EffectivityAssignment to ProcessOperationOccurrence (as assignedTo)";"PATH";;;"/Effectivity_assignment(^TO_ASSERTION)/";;
;"EffectivityAssignment to ProcessOperationOccurrenceRelationship (as assignedTo)";"PATH";;;"/Effectivity_assignment(^TO_ASSERTION)/";;
;"EffectivityAssignment to ProcessOperationResourceAssignment (as assignedTo)";"PATH";;;"/Effectivity_assignment(^TO_ASSERTION)/";;
;"EffectivityAssignment to ProcessPlan (as assignedTo)";"PATH";;;"/Effectivity_assignment(^TO_ASSERTION)/";;
;"EffectivityAssignment to ProcessPlanRelationship (as assignedTo)";"PATH";;;"/Effectivity_assignment(^TO_ASSERTION)/";;
;"EffectivityAssignment to ProductClass (as assignedTo)";"PATH";;;"/Effectivity_assignment(^TO_ASSERTION)/";;
;"EffectivityAssignment to ProductClassRelationship (as assignedTo)";"PATH";;;"/Effectivity_assignment(^TO_ASSERTION)/";;
;"EffectivityAssignment to ProductConfiguration (as assignedTo)";"PATH";;;"/Effectivity_assignment(^TO_ASSERTION)/";;
;"EffectivityAssignment to ProductConfigurationRelationship (as assignedTo)";"PATH";;;"/Effectivity_assignment(^TO_ASSERTION)/";;
;"EffectivityAssignment to ProductDesignAssociation (as assignedTo)";"PATH";;;"/Effectivity_assignment(^TO_ASSERTION)/";;
;"EffectivityAssignment to ProjectAssignment (as assignedTo)";"PATH";;;"/Effectivity_assignment(^TO_ASSERTION)/";;
;"EffectivityAssignment to ProjectRelationship (as assignedTo)";"PATH";;;"/Effectivity_assignment(^TO_ASSERTION)/";;
;"EffectivityAssignment to PropertyDefinition (as assignedTo)";"PATH";;;"/Effectivity_assignment(^TO_ASSERTION)/";;
;"EffectivityAssignment to PropertyDefinitionAssignment (as assignedTo)";"PATH";;;"/Effectivity_assignment(^TO_ASSERTION)/";;
;"EffectivityAssignment to PropertyDefinitionAssignmentRelationship (as assignedTo)";"PATH";;;"/Effectivity_assignment(^TO_ASSERTION)/";;
;"EffectivityAssignment to PropertyDefinitionRelationship (as assignedTo)";"PATH";;;"/Effectivity_assignment(^TO_ASSERTION)/";;
;"EffectivityAssignment to PropertyDefinitionString (as assignedTo)";"PATH";;;"/Effectivity_assignment(^TO_ASSERTION)/";;
;"EffectivityAssignment to PropertyValue (as assignedTo)";"PATH";;;"/Effectivity_assignment(^TO_ASSERTION)/";;
;"EffectivityAssignment to PropertyValueAssignment (as assignedTo)";"PATH";;;"/Effectivity_assignment(^TO_ASSERTION)/";;
;"EffectivityAssignment to PropertyValueAssignmentRelationship (as assignedTo)";"PATH";;;"/Effectivity_assignment(^TO_ASSERTION)/";;
;"EffectivityAssignment to PropertyValueRelationship (as assignedTo)";"PATH";;;"/Effectivity_assignment(^TO_ASSERTION)/";;
;"EffectivityAssignment to Proxy (as assignedTo)";"PATH";;;"/Effectivity_assignment(^TO_ASSERTION)/";;
;"EffectivityAssignment to ProxyRelationship (as assignedTo)";"PATH";;;"/Effectivity_assignment(^TO_ASSERTION)/";;
;"EffectivityAssignment to ProxyString (as assignedTo)";"PATH";;;"/Effectivity_assignment(^TO_ASSERTION)/";;
;"EffectivityAssignment to Requirement (as assignedTo)";"PATH";;;"/Effectivity_assignment(^TO_ASSERTION)/";;
;"EffectivityAssignment to RequirementAssignment (as assignedTo)";"PATH";;;"/Effectivity_assignment(^TO_ASSERTION)/";;
;"EffectivityAssignment to RequirementRelationship (as assignedTo)";"PATH";;;"/Effectivity_assignment(^TO_ASSERTION)/";;
;"EffectivityAssignment to RequirementSource (as assignedTo)";"PATH";;;"/Effectivity_assignment(^TO_ASSERTION)/";;
;"EffectivityAssignment to RequirementVersion (as assignedTo)";"PATH";;;"/Effectivity_assignment(^TO_ASSERTION)/";;
;"EffectivityAssignment to RequirementVersionRelationship (as assignedTo)";"PATH";;;"/Effectivity_assignment(^TO_ASSERTION)/";;
;"EffectivityAssignment to RequirementView (as assignedTo)";"PATH";;;"/Effectivity_assignment(^TO_ASSERTION)/";;
;"EffectivityAssignment to RequirementViewRelationship (as assignedTo)";"PATH";;;"/Effectivity_assignment(^TO_ASSERTION)/";;
;"EffectivityAssignment to SecurityClassification (as assignedTo)";"PATH";;;"/Effectivity_assignment(^TO_ASSERTION)/";;
;"EffectivityAssignment to SecurityClassificationAssignment (as assignedTo)";"PATH";;;"/Effectivity_assignment(^TO_ASSERTION)/";;
;"EffectivityAssignment to ShapeElementRelationship (as assignedTo)";"PATH";;;"/Effectivity_assignment(^TO_ASSERTION)/";;
;"EffectivityAssignment to Specification (as assignedTo)";"PATH";;;"/Effectivity_assignment(^TO_ASSERTION)/";;
;"EffectivityAssignment to SpecificationAssignment (as assignedTo)";"PATH";;;"/Effectivity_assignment(^TO_ASSERTION)/";;
;"EffectivityAssignment to SpecificationCategory (as assignedTo)";"PATH";;;"/Effectivity_assignment(^TO_ASSERTION)/";;
;"EffectivityAssignment to SpecificationConditionAssignment (as assignedTo)";"PATH";;;"/Effectivity_assignment(^TO_ASSERTION)/";;
;"EffectivityAssignment to SpecificationInclusion (as assignedTo)";"PATH";;;"/Effectivity_assignment(^TO_ASSERTION)/";;
;"EffectivityAssignment to SpecificationInclusionAssignment (as assignedTo)";"PATH";;;"/Effectivity_assignment(^TO_ASSERTION)/";;
;"EffectivityAssignment to StyledModel (as assignedTo)";"PATH";;;"/Effectivity_assignment(^TO_ASSERTION)/";;
;"EffectivityAssignment to SuppliedObjectRelationship (as assignedTo)";"PATH";;;"/Effectivity_assignment(^TO_ASSERTION)/";;
;"EffectivityAssignment to TimeIntervalAssignment (as assignedTo)";"PATH";;;"/Effectivity_assignment(^TO_ASSERTION)/";;
;"EffectivityAssignment to TimeIntervalRelationship (as assignedTo)";"PATH";;;"/Effectivity_assignment(^TO_ASSERTION)/";;
;"EffectivityAssignment to ViewOccurrenceRelationship (as assignedTo)";"PATH";;;"/Effectivity_assignment(^TO_ASSERTION)/";;
;"EffectivityAssignment to WorkOrder (as assignedTo)";"PATH";;;"/Effectivity_assignment(^TO_ASSERTION)/";;
;"EffectivityAssignment to WorkOrderAssignment (as assignedTo)";"PATH";;;"/Effectivity_assignment(^TO_ASSERTION)/";;
;"EffectivityAssignment to WorkOrderRelationship (as assignedTo)";"PATH";;;"/Effectivity_assignment(^TO_ASSERTION)/";;
;"EffectivityAssignment to WorkRequestAssignment (as assignedTo)";"PATH";;;"/Effectivity_assignment(^TO_ASSERTION)/";;
;"EffectivityAssignment to WorkRequestRelationship (as assignedTo)";"PATH";;;"/Effectivity_assignment(^TO_ASSERTION)/";;
;"EffectivityAssignment to Classification (as classifiedAs)";"PATH";;;"#1: Effectivity_assignment
/classifiedAs_AS_Classification(Effectivity_assignment)/
#2: Ineffectivity_assignment
/classifiedAs_AS_Classification(Ineffectivity_assignment)/";;
;"EffectivityAssignment to CharacterString (as description)";"NO MAPPING";;;;"#1: Effectivity_assignment.description)
#2: (Ineffectivity_assignment.description)";".description attribute missing in Effectivity_assignment
.description attribute missing in Ineffectivity_assignment"
;"EffectivityAssignment to Descriptor (as description)";"PATH";;;"#1: Effectivity_assignment
/description_AS_Descriptor(Effectivity_assignment)/
#2: Ineffectivity_assignment
/description_AS_Descriptor(Ineffectivity_assignment)/";;
;"EffectivityAssignment to DescriptorSet (as description)";"PATH";;;"#1: Effectivity_assignment
/description_AS_DescriptorSet(Effectivity_assignment)/
#2: Ineffectivity_assignment
/description_AS_DescriptorSet(Ineffectivity_assignment)/";;
;"EffectivityAssignment to LocalizedString (as description)";"PATH";;;"#1: Effectivity_assignment
/description_AS_LocalizedString(Effectivity_assignment)/
#2: Ineffectivity_assignment
/description_AS_LocalizedString(Ineffectivity_assignment)/";;
;"EffectivityAssignment to TranslatedStringSet (as description)";"PATH";;;"#1: Effectivity_assignment
/description_AS_TranslatedStringSet(Effectivity_assignment)/
#2: Ineffectivity_assignment
/description_AS_TranslatedStringSet(Ineffectivity_assignment)/";;
;"effectivityIndication";"IDENTICAL MAPPING";;;;;
;"EffectivityAssignment to Identifier (as id)";"PATH";;;"#1: Effectivity_assignment
/id_AS_Identifier(Effectivity_assignment)/
#2: Ineffectivity_assignment
/id_AS_Identifier(Ineffectivity_assignment)/";;
;"EffectivityAssignment to IdentifierSet (as id)";"PATH";;;"#1: Effectivity_assignment
/id_AS_IdentifierSet(Effectivity_assignment)/
#2: Ineffectivity_assignment
/id_AS_IdentifierSet(Ineffectivity_assignment)/";;
;"EffectivityAssignment to IdentifierString (as id)";"NO MAPPING";;;;"#1: Effectivity_assignment.id)
#2: (Ineffectivity_assignment.id)";"id attribute missing in Effectivity_assignment
.id attribute missing in Ineffectivity_assignment"
;"EffectivityAssignment to Class (as role)";"PATH";;;"#1: Effectivity_assignment
/TYPEINFO_AS_Class(Effectivity_assignment, 'role')/
#2: Ineffectivity_assignment
/TYPEINFO_AS_Class(Ineffectivity_assignment, 'role')/";;
;"EffectivityAssignment to ClassString (as role)";"#1: Effectivity_assignment.role)
#2: (Ineffectivity_assignment.role)";"442
442";;;;
;"EffectivityAssignment to ExternalClass (as role)";"PATH";;;"#1: Effectivity_assignment
/TYPEINFO_AS_ExternalClass(Effectivity_assignment, 'role')/
#2: Ineffectivity_assignment
/TYPEINFO_AS_ExternalClass(Ineffectivity_assignment, 'role')/";;
;"EffectivityAssignment to ExternalOwlClass (as role)";"PATH";;;"#1: Effectivity_assignment
/TYPEINFO_AS_ExternalOwlClass(Effectivity_assignment, 'role')/
#2: Ineffectivity_assignment
/TYPEINFO_AS_ExternalOwlClass(Ineffectivity_assignment, 'role')/";;
"EffectivityRelationship";;"Effectivity_relationship";;;;;
;"EffectivityRelationship to Classification (as classifiedAs)";"PATH";;;"Effectivity_relationship
/classifiedAs_AS_Classification(Effectivity_relationship)/";;
;"EffectivityRelationship to CharacterString (as description)";"Effectivity_relationship.description";442;;;;
;"EffectivityRelationship to Descriptor (as description)";"PATH";;;"Effectivity_relationship
/description_AS_Descriptor(Effectivity_relationship)/";;
;"EffectivityRelationship to DescriptorSet (as description)";"PATH";;;"Effectivity_relationship
/description_AS_DescriptorSet(Effectivity_relationship)/";;
;"EffectivityRelationship to LocalizedString (as description)";"PATH";;;"Effectivity_relationship
/description_AS_LocalizedString(Effectivity_relationship)/";;
;"EffectivityRelationship to TranslatedStringSet (as description)";"PATH";;;"Effectivity_relationship
/description_AS_TranslatedStringSet(Effectivity_relationship)/";;
;"EffectivityRelationship to Identifier (as id)";"PATH";;;"/MAPPING_OF(EffectivityRelationship)/
/id_AS_Identifier(Effectivity_relationship)/";;
;"EffectivityRelationship to IdentifierSet (as id)";"PATH";;;"/MAPPING_OF(EffectivityRelationship)/
/id_AS_IdentifierSet(Effectivity_relationship)/";;
;"EffectivityRelationship to IdentifierString (as id)";"NO MAPPING";;;;"Add Effectivity_relationship.id";"no id attribute"
;"EffectivityRelationship to Effectivity (as related)";"Effectivity_relationship.related_effectivity";442;;;;
;"EffectivityRelationship to Effectivity (as relating)";"Effectivity_relationship.relating_effectivity";442;;;;
;"EffectivityRelationship to Class (as relationType)";"PATH";;;"Effectivity_relationship
/TYPEINFO_AS_Class(Effectivity_relationship, 'relation type')/";;
;"EffectivityRelationship to ClassString (as relationType)";"Effectivity_relationship.relation_type";442;;;;
;"EffectivityRelationship to ExternalClass (as relationType)";"PATH";;;"Effectivity_relationship
/TYPEINFO_AS_ExternalClass(Effectivity_relationship, 'relation type')/";;
;"EffectivityRelationship to ExternalOwlClass (as relationType)";"PATH";;;"Effectivity_relationship
/TYPEINFO_AS_ExternalOwlClass(Effectivity_relationship, 'relation type')/";;
"LotEffectivity";;"Lot_effectivity";442;;;;
;"LotEffectivity to ValueWithUnit (as lotSize)";"Lot_effectivity.lot_size";442;;;;
"SerialEffectivity";;"Serial_effectivity";442;;;;
;"SerialEffectivity to Identifier (as endNumber)";"PATH";;;"Serial_effectivity
/number_AS_Identifier(Serial_effectivity, 'end number')/";;
;"SerialEffectivity to IdentifierSet (as endNumber)";"PATH";;;"Serial_effectivity
/number_AS_IdentifierSet(Serial_effectivity, 'end number')/";;
;"SerialEffectivity to IdentifierString (as endNumber)";"Serial_effectivity.end_id";442;"exactly_one_ExchangeContext";;;
;"SerialEffectivity to Identifier (as startNumber)";"PATH";;;"Serial_effectivity
/number_AS_Identifier(Serial_effectivity, 'start number')/";;
;"SerialEffectivity to IdentifierSet (as startNumber)";"PATH";;;"Serial_effectivity
/number_AS_IdentifierSet(Serial_effectivity, 'start number')/";;
;"SerialEffectivity to IdentifierString (as startNumber)";"Serial_effectivity.start_id";442;"exactly_one_ExchangeContext";;;
"TimeIntervalEffectivity";;"Time_interval_effectivity";442;;;;
;"TimeIntervalEffectivity to Duration (as effectivityPeriod)";"Time_interval_effectivity.effectivity_period";442;;;;
